{"cameraMode":{"drawMode":0,"name":"Shaded","section":"Shading Mode"},"sceneLighting":true,"audioPlay":false,"sceneViewState":{"m_AlwaysRefresh":false,"showFog":true,"showSkybox":true,"showFlares":true,"showImageEffects":true,"showParticleSystems":true,"showVisualEffectGraphs":true,"m_FxEnabled":true},"in2DMode":false,"pivot":{"x":1291.6837158203125,"y":-144.80825805664063,"z":1087.385986328125},"rotation":{"x":-0.30286458134651186,"y":0.026306018233299257,"z":-0.008334790356457234,"w":-0.9526610374450684},"size":413.9631042480469,"orthographic":false}