{"cameraMode":{"drawMode":0,"name":"Shaded","section":"Shading Mode"},"sceneLighting":false,"audioPlay":false,"sceneViewState":{"m_AlwaysRefresh":false,"showFog":true,"showSkybox":false,"showFlares":true,"showImageEffects":true,"showParticleSystems":true,"showVisualEffectGraphs":true,"m_FxEnabled":true},"in2DMode":false,"pivot":{"x":33.373687744140628,"y":0.21829771995544434,"z":29.426311492919923},"rotation":{"x":0.021133162081241609,"y":0.9784016609191895,"z":-0.15990275144577027,"w":0.1293059140443802},"size":5.80219030380249,"orthographic":false}